"Statistics","Value","R3000"
"Annual Return",0.436449040702291,0.0625853031231924
"Annual Sd",0.302500670899073,0.158625129324281
"Annual Sharpe (Rf=0%)",1.44280354620407,0.394548476586254
