"Statistics","Value","R3000"
"Annual Return",0.635032894525883,0.0736205550092066
"Annual Sd",0.56819838996844,0.158476261784162
"Annual Sharpe (Rf=0%)",1.11762529732116,0.464552571977465
